mode,workload,agents,threads,sync,tracked,seed,valid,tx_per_s,writes_per_s,reads_per_s,busy,errors,p50_us,p95_us,p99_us,max_us,cpu_s,rss_mb,db_mb,wal_mb,log_mb,mw_fast,mw_page_conflicts,mw_read_conflicts,mw_rebases,mw_rebase_retries,mw_versions,mw_retained_mb,mw_reclaimed,mw_gc_ms,mw_pages_per_commit
stock-wal,hot,1,1,off,1,1,1,66944.5,66944.5,0.0,0,0,15.0,16.0,22.0,140.0,3.01,9,0.11,3.94,0.00,0,0,0,0,0,0,0.00,0,0.00,0.00
stock-wal,hot,1,1,off,1,2,1,66757.6,66757.6,0.0,0,0,15.0,16.0,22.0,54.0,3.00,9,0.11,3.94,0.00,0,0,0,0,0,0,0.00,0,0.00,0.00
multiwriter,hot,1,1,off,1,1,1,63476.1,63476.1,0.0,0,0,14.0,19.0,26.0,2145.0,3.11,47,0.11,0.00,32.00,190434,0,0,0,0,146,0.57,571251,5.45,3.00
multiwriter,hot,1,1,off,1,2,1,62850.3,62850.3,0.0,0,0,14.0,20.0,27.0,2042.0,3.13,46,0.11,0.00,32.00,189182,0,0,0,0,17,0.07,567606,5.42,3.00
stock-wal,hot,10,10,off,1,1,1,66203.8,66203.8,0.0,0,0,15.0,17.0,23.0,2066740.0,3.01,12,0.12,3.97,0.00,0,0,0,0,0,0,0.00,0,0.00,0.00
stock-wal,hot,10,10,off,1,2,1,64191.3,64191.3,0.0,0,0,15.0,18.0,24.0,1245970.0,3.01,12,0.12,3.95,0.00,0,0,0,0,0,0,0.00,0,0.00,0.00
multiwriter,hot,10,10,off,1,1,1,49527.3,49527.3,0.0,8919,0,19.0,1070.0,2545.0,12845.0,5.01,62,0.12,0.00,32.00,148597,22343,0,4237,9187,63,0.25,450143,7.21,3.03
multiwriter,hot,10,10,off,1,2,1,49165.0,49165.0,0.0,8948,0,19.0,1060.0,2543.0,12061.0,5.02,62,0.12,0.00,64.00,147508,21782,0,4186,8648,90,0.35,446690,11.36,3.03
stock-wal,hot,100,36,off,1,1,1,48448.6,48448.6,0.0,0,0,20.0,24.0,35.0,2267790.0,3.04,40,0.49,3.96,0.00,0,0,0,0,0,0,0.00,0,0.00,0.00
stock-wal,hot,100,36,off,1,2,1,48443.7,48443.7,0.0,0,0,20.0,24.0,38.0,3654065.0,3.05,39,0.49,3.96,0.00,0,0,0,0,0,0,0.00,0,0.00,0.00
multiwriter,hot,100,36,off,1,1,1,38127.4,38127.4,0.0,4757,0,426.0,3504.0,6126.0,21766.0,10.54,167,0.49,0.00,32.00,114642,12535,0,4133,3646,48,0.19,348087,18.81,3.04
multiwriter,hot,100,36,off,1,2,1,38602.6,38602.6,0.0,4892,0,421.0,3468.0,5985.0,16146.0,10.59,166,0.49,0.00,32.00,116163,12663,0,4060,3711,123,0.48,352574,15.57,3.03
stock-wal,hot,1000,36,off,1,1,1,42038.1,42038.1,0.0,0,0,22.0,30.0,51.0,2305597.0,3.04,310,4.23,3.97,0.00,0,0,0,0,0,0,0.00,0,0.00,0.00
stock-wal,hot,1000,36,off,1,2,1,42731.8,42731.8,0.0,0,0,22.0,30.0,50.0,2468813.0,3.04,310,4.23,3.97,0.00,0,0,0,0,0,0,0.00,0,0.00,0.00
multiwriter,hot,1000,36,off,1,1,1,33650.6,33650.6,0.0,4286,0,578.0,3714.0,6379.0,16861.0,10.77,1234,4.23,0.00,32.00,101005,10847,0,3218,3344,186,0.73,306202,11.36,3.03
multiwriter,hot,1000,36,off,1,2,1,33694.6,33694.6,0.0,4455,0,572.0,3734.0,6307.0,16714.0,10.68,1236,4.23,0.00,64.00,101153,11102,0,3193,3456,84,0.33,306654,11.94,3.03
stock-wal,samecol,1,1,off,1,1,1,67025.5,67025.5,0.0,0,0,15.0,16.0,20.0,66.0,3.01,9,0.11,3.94,0.00,0,0,0,0,0,0,0.00,0,0.00,0.00
stock-wal,samecol,1,1,off,1,2,1,65748.1,65748.1,0.0,0,0,15.0,16.0,20.0,87.0,3.01,9,0.11,3.94,0.00,0,0,0,0,0,0,0.00,0,0.00,0.00
multiwriter,samecol,1,1,off,1,1,1,63808.4,63808.4,0.0,0,0,14.0,20.0,26.0,2225.0,3.12,47,0.11,0.00,32.00,192066,0,0,0,0,89,0.35,576309,5.51,3.00
multiwriter,samecol,1,1,off,1,2,1,63443.6,63443.6,0.0,0,0,14.0,20.0,26.0,2262.0,3.10,47,0.11,0.00,32.00,190732,0,0,0,0,47,0.18,572166,5.45,3.00
stock-wal,samecol,10,10,off,1,1,1,67179.4,67179.4,0.0,0,0,15.0,16.0,21.0,1665965.0,3.01,12,0.12,3.95,0.00,0,0,0,0,0,0,0.00,0,0.00,0.00
stock-wal,samecol,10,10,off,1,2,1,67291.4,67291.4,0.0,0,0,15.0,16.0,20.0,1552526.0,3.02,12,0.12,3.95,0.00,0,0,0,0,0,0,0.00,0,0.00,0.00
multiwriter,samecol,10,10,off,1,1,1,51594.8,51594.8,0.0,16933,0,18.0,971.0,2505.0,13768.0,5.11,62,0.12,0.00,64.00,155018,17049,0,0,116,138,0.54,464979,7.32,3.00
multiwriter,samecol,10,10,off,1,2,1,51885.3,51885.3,0.0,17016,0,18.0,954.0,2467.0,11015.0,5.11,63,0.12,0.00,32.00,155671,17134,0,0,119,162,0.63,466956,7.17,3.00
stock-wal,samecol,100,36,off,1,1,1,49017.8,49017.8,0.0,0,0,20.0,23.0,35.0,2833789.0,3.04,40,0.49,3.96,0.00,0,0,0,0,0,0,0.00,0,0.00,0.00
stock-wal,samecol,100,36,off,1,2,1,48944.8,48944.8,0.0,0,0,20.0,23.0,35.0,3121242.0,3.04,39,0.49,3.97,0.00,0,0,0,0,0,0,0.00,0,0.00,0.00
multiwriter,samecol,100,36,off,1,1,1,40566.4,40566.4,0.0,9054,0,380.0,3223.0,5787.0,15429.0,10.41,177,0.49,0.00,64.00,121968,9091,0,0,37,48,0.19,366054,14.07,3.00
multiwriter,samecol,100,36,off,1,2,1,40294.8,40294.8,0.0,8958,0,385.0,3273.0,5790.0,16060.0,10.41,171,0.49,0.00,32.00,120928,9008,0,0,50,66,0.26,362757,14.22,3.00
stock-wal,samecol,1000,36,off,1,1,1,43508.1,43508.1,0.0,0,0,22.0,29.0,45.0,3037894.0,3.04,310,4.23,3.96,0.00,0,0,0,0,0,0,0.00,0,0.00,0.00
stock-wal,samecol,1000,36,off,1,2,1,43215.2,43215.2,0.0,0,0,22.0,29.0,48.0,2362791.0,3.04,310,4.23,3.96,0.00,0,0,0,0,0,0,0.00,0,0.00,0.00
multiwriter,samecol,1000,36,off,1,1,1,35268.0,35268.0,0.0,7173,0,548.0,3509.0,5994.0,18587.0,10.56,1166,4.23,0.00,32.00,105845,7189,0,0,16,183,0.71,317559,11.75,3.00
multiwriter,samecol,1000,36,off,1,2,1,35086.5,35086.5,0.0,7196,0,551.0,3522.0,5982.0,16753.0,10.57,1166,4.23,0.00,64.00,105308,7223,0,0,28,102,0.40,315975,13.76,3.00
