mode,workload,agents,threads,sync,tracked,seed,valid,tx_per_s,writes_per_s,reads_per_s,busy,errors,p50_us,p95_us,p99_us,max_us,cpu_s,rss_mb,db_mb,wal_mb,log_mb,mw_fast,mw_page_conflicts,mw_read_conflicts,mw_rebases,mw_rebase_retries,mw_versions,mw_retained_mb,mw_reclaimed,mw_gc_ms,mw_pages_per_commit
stock-wal,independent,10,10,off,0,1,1,200837.7,200837.7,0.0,35444,0,5.0,7.0,45.0,129897.0,3.29,15,0.07,4.20,0.00,0,0,0,0,0,0,0.00,0,0.00,0.00
multiwriter,independent,10,10,off,0,1,1,217155.8,217155.8,0.0,0,0,39.0,61.0,80.0,4239.0,12.96,52,0.07,0.00,32.00,652571,0,0,0,0,65,0.25,652574,77.27,1.00
stock-wal,independent,100,36,off,0,1,1,91687.1,91687.1,0.0,154067,0,8.0,179.0,10930.0,141867.0,5.08,26,0.42,16.13,0.00,0,0,0,0,0,0,0.00,0,0.00,0.00
multiwriter,independent,100,36,off,0,1,1,212182.6,212182.6,0.0,0,0,139.0,214.0,897.0,5537.0,14.74,74,0.42,0.00,32.00,637146,0,0,0,0,196,0.77,637101,151.79,1.00
stock-wal,independent,1000,36,off,0,1,1,69633.0,69633.0,0.0,163750,0,14.0,298.0,16028.0,191890.0,6.28,169,3.95,16.24,0.00,0,0,0,0,0,0,0.00,0,0.00,0.00
multiwriter,independent,1000,36,off,0,1,1,166127.7,166127.7,0.0,0,0,175.0,408.0,1183.0,5547.0,15.60,279,3.95,0.00,64.00,499255,0,0,0,0,1085,4.24,499249,312.71,1.00
stock-wal,hot,10,10,off,1,1,1,49993.8,49993.8,0.0,69008,0,18.0,113.0,1465.0,169983.0,3.93,12,0.12,8.82,0.00,0,0,0,0,0,0,0.00,0,0.00,0.00
multiwriter,hot,10,10,off,1,1,1,50650.6,50650.6,0.0,7916,0,20.0,946.0,1957.0,7662.0,5.07,63,0.12,0.00,32.00,151965,20073,0,4058,8098,138,0.54,459923,9.49,3.03
stock-wal,hot,100,36,off,1,1,1,38488.5,38488.5,0.0,146216,0,43.0,458.0,31789.0,307234.0,5.26,40,0.49,5.13,0.00,0,0,0,0,0,0,0.00,0,0.00,0.00
multiwriter,hot,100,36,off,1,1,1,35918.9,35918.9,0.0,4416,0,629.0,3262.0,5715.0,22433.0,13.09,172,0.49,0.00,32.00,107795,11705,0,3653,3638,15,0.06,327077,20.75,3.03
stock-wal,hot,1000,36,off,1,1,1,32238.9,32238.9,0.0,156945,0,58.0,793.0,35612.0,281972.0,5.64,310,4.23,5.05,0.00,0,0,0,0,0,0,0.00,0,0.00,0.00
multiwriter,hot,1000,36,off,1,1,1,31017.8,31017.8,0.0,3830,0,764.0,3623.0,6038.0,17791.0,13.53,1222,4.23,0.00,64.00,93140,9632,0,2739,3069,81,0.32,282173,15.49,3.03
stock-wal,samecol,10,10,off,1,1,1,52853.7,52853.7,0.0,75030,0,18.0,121.0,1348.0,122454.0,4.03,12,0.12,5.92,0.00,0,0,0,0,0,0,0.00,0,0.00,0.00
multiwriter,samecol,10,10,off,1,1,1,52969.8,52969.8,0.0,13962,0,18.0,1011.0,2185.0,9419.0,5.18,62,0.12,0.00,64.00,158928,14071,0,0,111,75,0.29,476805,7.14,3.00
stock-wal,samecol,100,36,off,1,1,1,38832.1,38832.1,0.0,145986,0,34.0,595.0,31078.0,291330.0,5.18,40,0.49,5.26,0.00,0,0,0,0,0,0,0.00,0,0.00,0.00
multiwriter,samecol,100,36,off,1,1,1,36841.8,36841.8,0.0,7980,0,611.0,3167.0,5616.0,16046.0,13.17,168,0.49,0.00,32.00,110744,7997,0,0,20,123,0.48,332307,20.00,3.00
stock-wal,samecol,1000,36,off,1,1,1,32749.8,32749.8,0.0,152216,0,55.0,775.0,36436.0,215931.0,5.43,310,4.23,4.94,0.00,0,0,0,0,0,0,0.00,0,0.00,0.00
multiwriter,samecol,1000,36,off,1,1,1,32469.1,32469.1,0.0,6543,0,737.0,3417.0,5810.0,14648.0,13.50,1156,4.23,0.00,32.00,97445,6579,0,0,32,72,0.28,292293,16.04,3.00
stock-wal,samepage,10,10,off,1,1,1,52992.9,52992.9,0.0,79221,0,17.0,122.0,1246.0,118752.0,4.17,12,0.12,8.13,0.00,0,0,0,0,0,0,0.00,0,0.00,0.00
multiwriter,samepage,10,10,off,1,1,1,47981.1,47981.1,0.0,0,0,21.0,957.0,2012.0,9914.0,4.93,63,0.12,0.00,32.00,144130,24940,0,11434,13506,24,0.09,443896,7.34,3.08
stock-wal,samepage,100,36,off,1,1,1,38589.6,38589.6,0.0,149383,0,45.0,604.0,31324.0,324792.0,5.36,40,0.49,5.30,0.00,0,0,0,0,0,0,0.00,0,0.00,0.00
multiwriter,samepage,100,36,off,1,1,1,33853.1,33853.1,0.0,0,0,651.0,3511.0,6086.0,15325.0,13.02,168,0.49,0.00,32.00,101602,14816,0,8447,6369,125,0.49,313339,17.58,3.08
stock-wal,crdtinsert,10,10,off,1,1,1,41912.0,41912.0,0.0,12869,0,22.0,39.0,112.0,385639.0,3.14,12,50.50,8.19,0.00,0,0,0,0,0,0,0.00,0,0.00,0.00
multiwriter,crdtinsert,10,10,off,1,1,1,30845.2,30845.2,0.0,547,0,26.0,2041.0,5451.0,22243.0,5.29,105,35.66,0.00,64.00,92547,17644,2573,6583,13086,9378,36.63,547864,11.83,6.00
stock-wal,crdtinsert,100,36,off,1,1,1,25135.1,25135.1,0.0,61187,0,37.0,178.0,50170.0,660255.0,3.92,39,30.30,16.29,0.00,0,0,0,0,0,0,0.00,0,0.00,0.00
multiwriter,crdtinsert,100,36,off,1,1,1,20792.7,20792.7,0.0,424,0,660.0,6951.0,11613.0,28270.0,12.89,204,23.94,0.00,64.00,62515,8957,920,5717,3737,6253,24.43,371789,27.63,6.02
stock-wal,insert-uuid,10,10,off,0,1,1,129828.0,129828.0,0.0,18451,0,7.0,14.0,47.0,323285.0,3.16,12,26.31,5.09,0.00,0,0,0,0,0,0,0.00,0,0.00,0.00
multiwriter,insert-uuid,10,10,off,0,1,1,118473.9,118473.9,0.0,12619,0,6.0,14.0,31.0,489033.0,3.37,88,24.12,0.00,32.00,355685,12584,38,0,0,6204,24.23,818048,13.18,2.31
stock-wal,insert-uuid,100,36,off,0,1,1,60990.0,60990.0,0.0,87860,0,13.0,95.0,16857.0,277606.0,4.05,25,12.86,16.27,0.00,0,0,0,0,0,0,0.00,0,0.00,0.00
multiwriter,insert-uuid,100,36,off,0,1,1,66662.4,66662.4,0.0,22758,0,17.0,2658.0,5804.0,21783.0,12.53,91,14.00,0.00,32.00,200184,22617,145,0,0,3621,14.14,459749,44.59,2.31
stock-wal,insert-int,10,10,off,0,1,1,205106.1,205106.1,0.0,19113,0,5.0,6.0,12.0,239534.0,3.15,14,7.34,4.07,0.00,0,0,0,0,0,0,0.00,0,0.00,0.00
multiwriter,insert-int,10,10,off,0,1,1,221742.5,221742.5,0.0,26872,0,4.0,7.0,22.0,154014.0,3.39,66,7.73,0.00,64.00,665903,26867,5,0,0,2033,7.94,667387,9.70,1.00
stock-wal,insert-int,100,36,off,0,1,1,106915.8,106915.8,0.0,169618,0,8.0,176.0,8678.0,164718.0,4.51,26,4.14,4.36,0.00,0,0,0,0,0,0,0.00,0,0.00,0.00
multiwriter,insert-int,100,36,off,0,1,1,122259.8,122259.8,0.0,42966,0,6.0,1653.0,3511.0,17704.0,12.36,76,4.66,0.00,32.00,366909,42961,6,0,0,1097,4.29,367735,29.49,1.00
stock-wal,insert-autoinc,10,10,off,0,1,1,150278.3,150278.3,0.0,14992,0,6.0,8.0,16.0,274664.0,3.11,12,5.26,4.40,0.00,0,0,0,0,0,0,0.00,0,0.00,0.00
multiwriter,insert-autoinc,10,10,off,0,1,1,138447.6,138447.6,0.0,20249,0,5.0,11.0,45.0,211795.0,3.39,60,4.86,0.00,64.00,415562,20280,0,0,0,1330,5.20,831988,13.92,2.00
stock-wal,insert-autoinc,100,36,off,0,1,1,87900.6,87900.6,0.0,100889,0,10.0,67.0,9084.0,191122.0,3.76,26,3.45,5.00,0.00,0,0,0,0,0,0,0.00,0,0.00,0.00
multiwriter,insert-autoinc,100,36,off,0,1,1,82623.3,82623.3,0.0,30502,0,10.0,2329.0,5236.0,18601.0,12.44,77,3.29,0.00,32.00,247920,30500,6,0,0,736,2.88,496492,33.59,2.00
stock-wal,longtx,10,10,off,0,1,1,127372.3,127372.3,0.0,10362,0,8.0,10.0,16.0,435768.0,3.17,11,0.07,3.96,0.00,0,0,0,0,0,0,0.00,0,0.00,0.00
multiwriter,longtx,10,10,off,0,1,1,123691.4,123691.4,0.0,32511,0,8.0,514.0,1412.0,9330.0,4.74,48,0.07,0.00,64.00,371091,0,32511,0,0,49,0.19,371079,10.41,1.00
stock-wal,longtx,100,36,off,0,1,1,71142.7,71142.7,0.0,73119,0,12.0,52.0,13634.0,290706.0,4.54,25,0.42,4.74,0.00,0,0,0,0,0,0,0.00,0,0.00,0.00
multiwriter,longtx,100,36,off,0,1,1,107154.8,107154.8,0.0,13550,0,17.0,1750.0,3468.0,14450.0,14.26,70,0.42,0.00,64.00,321524,0,13551,0,0,140,0.55,321527,43.88,1.00
stock-wal,cols,10,10,off,1,1,1,50751.3,50751.3,0.0,67321,0,18.0,108.0,1394.0,147031.0,3.90,12,0.12,9.31,0.00,0,0,0,0,0,0,0.00,0,0.00,0.00
multiwriter,cols,10,10,off,1,1,1,48441.3,48441.3,0.0,0,0,21.0,955.0,1993.0,7605.0,4.95,62,0.12,0.00,64.00,145341,24602,0,11525,13078,90,0.35,447507,6.68,3.08
stock-wal,cols,100,36,off,1,1,1,38797.6,38797.6,0.0,143234,0,32.0,445.0,30356.0,395873.0,5.13,40,0.49,4.92,0.00,0,0,0,0,0,0,0.00,0,0.00,0.00
multiwriter,cols,100,36,off,1,1,1,33873.5,33873.5,0.0,0,0,649.0,3509.0,6023.0,15720.0,13.14,166,0.49,0.00,32.00,101662,14737,0,8363,6374,39,0.15,313424,22.73,3.08
